{"data": [{"picture": "chaoliurihan.png", "name": "chaoliurihan", "height": 160, "width": 387, "state": "normal", "y": 330, "x": 854, "type": "MSBitmapLayer"}, {"picture": "oumeisudi.png", "name": "oumeisudi", "height": 160, "width": 387, "state": "normal", "y": 330, "x": 447, "type": "MSBitmapLayer"}, {"picture": "fangyanrechang.png", "name": "fangyanrechang", "height": 160, "width": 387, "state": "normal", "y": 330, "x": 40, "type": "MSBitmapLayer"}, {"picture": "yuanchuangyinyue.png", "name": "yuanchuangyinyue", "height": 160, "width": 387, "state": "normal", "y": 150, "x": 854, "type": "MSBitmapLayer"}, {"picture": "kgebidian.png", "name": "kgebidian", "height": 160, "width": 387, "state": "normal", "y": 150, "x": 447, "type": "MSBitmapLayer"}, {"picture": "meiyuexinge.png", "name": "meiyuexinge", "height": 160, "width": 387, "state": "normal", "y": 150, "x": 40, "type": "MSBitmapLayer"}, {"style": {"color": "#ffffff", "font-size": "24px", "font-family": "SourceHanSansSC-Regular", "letter-spacing": "0", "text-align": "center"}, "name": "chaoliurihan", "title": "%E6%BD%AE%E6%B5%81%E6%97%A5%E9%9F%A9", "height": 24, "width": 96, "state": "main", "y": 398, "x": 1000, "type": "MSTextLayer"}, {"style": {"color": "#ffffff", "font-size": "24px", "font-family": "SourceHanSansSC-Regular", "letter-spacing": "0", "text-align": "center"}, "name": "oumeisuchang", "title": "%E6%AC%A7%E7%BE%8E%E9%80%9F%E9%80%92", "height": 24, "width": 96, "state": "main", "y": 398, "x": 592, "type": "MSTextLayer"}, {"style": {"color": "#ffffff", "font-size": "24px", "font-family": "SourceHanSansSC-Regular", "letter-spacing": "0", "text-align": "center"}, "name": "fangyanrechang", "title": "%E6%96%B9%E8%A8%80%E7%83%AD%E5%94%B1", "height": 24, "width": 96, "state": "main", "y": 398, "x": 186, "type": "MSTextLayer"}, {"style": {"color": "#ffffff", "font-size": "24px", "font-family": "SourceHanSansSC-Regular", "letter-spacing": "0", "text-align": "center"}, "name": "yuanchaungyinyue", "title": "%E5%8E%9F%E5%88%9B%E9%9F%B3%E4%B9%90", "height": 24, "width": 96, "state": "main", "y": 218, "x": 1000, "type": "MSTextLayer"}, {"style": {"color": "#ffffff", "font-size": "24px", "font-family": "SourceHanSansSC-Regular", "letter-spacing": "0", "text-align": "center"}, "name": "kgebidian", "title": "K%E6%AD%8C%E5%BF%85%E7%82%B9", "height": 24, "width": 88, "state": "main", "y": 218, "x": 596, "type": "MSTextLayer"}, {"style": {"color": "#ffffff", "font-size": "24px", "font-family": "SourceHanSansSC-Regular", "letter-spacing": "0", "text-align": "center"}, "name": "meiyuexinge", "title": "%E6%AF%8F%E6%9C%88%E6%96%B0%E6%AD%8C", "height": 24, "width": 96, "state": "main", "y": 218, "x": 186, "type": "MSTextLayer"}]}