{
    "data": [
        {
            "picture": "lianai.png",
            "name": "lianai",
            "hasSub": 0,
            "height": 122,
            "width": 122,
            "state": "normal",
            "y": 408,
            "x": 1268,
            "type": "MSBitmapLayer",
            "songList": "lianai.txt"
        },
        {
            "picture": "shanggan.png",
            "name": "shanggan",
            "hasSub": 0,
            "height": 122,
            "width": 122,
            "state": "normal",
            "y": 408,
            "x": 1140,
            "type": "MSBitmapLayer",
            "songList": "shanggan.txt"
        },
        {
            "picture": "kuaile.png",
            "name": "kuaile",
            "hasSub": 0,
            "height": 122,
            "width": 122,
            "state": "normal",
            "y": 150,
            "x": 1268,
            "type": "MSBitmapLayer",
            "songList": "kuaile.txt"
        },
        {
            "picture": "anjing.png",
            "name": "anjing",
            "hasSub": 0,
            "height": 122,
            "width": 122,
            "state": "normal",
            "y": 150,
            "x": 1140,
            "type": "MSBitmapLayer",
            "songList": "anjing.txt"
        },
        {
            "picture": "shuimodanqing.png",
            "name": "shuimodanqing",
            "hasSub": 0,
            "height": 122,
            "width": 122,
            "state": "normal",
            "y": 408,
            "x": 988,
            "type": "MSBitmapLayer",
            "songList": "shuimodanqing.txt"
        },
        {
            "picture": "diaokeshiguang.png",
            "name": "diaokeshiguang",
            "hasSub": 0,
            "height": 122,
            "width": 122,
            "state": "normal",
            "y": 408,
            "x": 859,
            "type": "MSBitmapLayer",
            "songList": "diaokeshiguang.txt"
        },
        {
            "picture": "mingeyouyang.png",
            "name": "mingeyouyang",
            "hasSub": 0,
            "height": 122,
            "width": 122,
            "state": "normal",
            "y": 408,
            "x": 730,
            "type": "MSBitmapLayer",
            "songList": "mingeyouyang.txt"
        },
        {
            "picture": "chuncuiyinyue.png",
            "name": "chuncuiyinyue",
            "hasSub": 0,
            "height": 122,
            "width": 122,
            "state": "normal",
            "y": 279,
            "x": 988,
            "type": "MSBitmapLayer",
            "songList": "chuncuiyinyue.txt"
        },
        {
            "picture": "honggeliaoliang.png",
            "name": "honggeliaoliang",
            "hasSub": 0,
            "height": 122,
            "width": 122,
            "state": "normal",
            "y": 279,
            "x": 859,
            "type": "MSBitmapLayer",
            "songList": "honggeliaoliang.txt"
        },
        {
            "picture": "yiquchengming.png",
            "name": "yiquchengming",
            "hasSub": 0,
            "height": 122,
            "width": 122,
            "state": "normal",
            "y": 279,
            "x": 730,
            "type": "MSBitmapLayer",
            "songList": "yiquchengming.txt"
        },
        {
            "picture": "shitingshengyan.png",
            "name": "shitingshengyan",
            "hasSub": 0,
            "height": 122,
            "width": 122,
            "state": "normal",
            "y": 150,
            "x": 988,
            "type": "MSBitmapLayer",
            "songList": "shitingshengyan.txt"
        },
        {
            "picture": "tianlaiheming.png",
            "name": "tianlaiheming",
            "hasSub": 0,
            "height": 122,
            "width": 122,
            "state": "normal",
            "y": 150,
            "x": 859,
            "type": "MSBitmapLayer",
            "songList": "tianlaiheming.txt"
        },
        {
            "picture": "liyuanguocui.png",
            "name": "liyuanguocui",
            "hasSub": 1,
            "height": 122,
            "width": 122,
            "state": "normal",
            "y": 150,
            "x": 730,
            "type": "MSBitmapLayer",
            "songList": "liyuanguocui.txt"
        },
        {
            "picture": "zhongguohaoshengyin.png",
            "name": "zhongguohaoshengyin",
            "hasSub": 0,
            "height": 122,
            "width": 122,
            "state": "normal",
            "y": 408,
            "x": 578,
            "type": "MSBitmapLayer",
            "songList": "zhongguohaoshengyin.txt"
        },
        {
            "picture": "zhongguozhixing.png",
            "name": "zhongguozhixing",
            "hasSub": 0,
            "height": 122,
            "width": 122,
            "state": "normal",
            "y": 408,
            "x": 449,
            "type": "MSBitmapLayer",
            "songList": "zhongguozhixing.txt"
        },
        {
            "picture": "woshigeshou.png",
            "name": "woshigeshou",
            "hasSub": 0,
            "height": 122,
            "width": 122,
            "state": "normal",
            "y": 408,
            "x": 320,
            "type": "MSBitmapLayer",
            "songList": "woshigeshou.txt"
        },
        {
            "picture": "mengmiangewang.png",
            "name": "mengmiangewang",
            "hasSub": 0,
            "height": 122,
            "width": 122,
            "state": "normal",
            "y": 150,
            "x": 578,
            "type": "MSBitmapLayer",
            "songList": "mengmiangewang.txt"
        },
        {
            "picture": "zhongguohaogequ.png",
            "name": "zhongguohaogequ",
            "hasSub": 0,
            "height": 122,
            "width": 122,
            "state": "normal",
            "y": 150,
            "x": 449,
            "type": "MSBitmapLayer",
            "songList": "zhongguohaogequ.txt"
        },
        {
            "picture": "zuimeihesheng.png",
            "name": "zuimeihesheng",
            "hasSub": 0,
            "height": 122,
            "width": 122,
            "state": "normal",
            "y": 150,
            "x": 320,
            "type": "MSBitmapLayer",
            "songList": "zuimeihesheng.txt"
        },
        {
            "picture": "leikezhuanshu.png",
            "name": "leikezhuanshu",
            "hasSub": 0,
            "height": 122,
            "width": 122,
            "state": "normal",
            "y": 408,
            "x": 168,
            "type": "MSBitmapLayer",
            "songList": "leikezhuanshu.txt"
        },
        {
            "picture": "nangaoyin.png",
            "name": "nangaoyin",
            "hasSub": 0,
            "height": 122,
            "width": 122,
            "state": "normal",
            "y": 408,
            "x": 40,
            "type": "MSBitmapLayer",
            "songList": "nangaoyin.txt"
        },
        {
            "picture": "yinyi.png",
            "name": "yinyi",
            "hasSub": 0,
            "height": 122,
            "width": 122,
            "state": "normal",
            "y": 279,
            "x": 168,
            "type": "MSBitmapLayer",
            "songList": "yinyi.txt"
        },
        {
            "picture": "jinhai.png",
            "name": "jinhai",
            "hasSub": 0,
            "height": 122,
            "width": 122,
            "state": "normal",
            "y": 279,
            "x": 40,
            "type": "MSBitmapLayer",
            "songList": "jinhai.txt"
        },
        {
            "picture": "banner03.png",
            "name": "banner03",
            "hasSub": 0,
            "height": 122,
            "width": 250,
            "state": "normal",
            "y": 279,
            "x": 1140,
            "type": "MSBitmapLayer",
            "songList": ""
        },
        {
            "picture": "banner02.png",
            "name": "banner02",
            "hasSub": 0,
            "height": 122,
            "width": 380,
            "state": "normal",
            "y": 279,
            "x": 320,
            "type": "MSBitmapLayer",
            "songList": ""
        },
        {
            "picture": "banner01.png",
            "name": "banner01",
            "hasSub": 0,
            "height": 122,
            "width": 250,
            "state": "normal",
            "y": 150,
            "x": 40,
            "type": "MSBitmapLayer",
            "songList": ""
        },
        {
            "style": {
                "color": "#ffffff",
                "font-size": "20px",
                "font-family": "SourceHanSansSC-Regular",
                "letter-spacing": "0",
                "text-align": "center"
            },
            "name": "lianai",
            "title": "%E6%81%8B%E7%88%B1",
            "height": 20,
            "width": 40,
            "state": "main",
            "y": 459,
            "x": 1310,
            "type": "MSTextLayer"
        },
        {
            "style": {
                "color": "#ffffff",
                "font-size": "20px",
                "font-family": "SourceHanSansSC-Regular",
                "letter-spacing": "0",
                "text-align": "center"
            },
            "name": "shanggan",
            "title": "%E4%BC%A4%E6%84%9F",
            "height": 20,
            "width": 40,
            "state": "main",
            "y": 459,
            "x": 1181,
            "type": "MSTextLayer"
        },
        {
            "style": {
                "color": "#ffffff",
                "font-size": "20px",
                "font-family": "SourceHanSansSC-Regular",
                "letter-spacing": "0",
                "text-align": "center"
            },
            "name": "kuaile",
            "title": "%E5%BF%AB%E4%B9%90",
            "height": 20,
            "width": 40,
            "state": "main",
            "y": 201,
            "x": 1310,
            "type": "MSTextLayer"
        },
        {
            "style": {
                "color": "#ffffff",
                "font-size": "20px",
                "font-family": "SourceHanSansSC-Regular",
                "letter-spacing": "0",
                "text-align": "center"
            },
            "name": "anjing",
            "title": "%E5%AE%89%E9%9D%99",
            "height": 20,
            "width": 40,
            "state": "main",
            "y": 201,
            "x": 1181,
            "type": "MSTextLayer"
        },
        {
            "style": {
                "color": "#ffffff",
                "font-size": "20px",
                "font-family": "SourceHanSansSC-Regular",
                "letter-spacing": "0",
                "text-align": "center"
            },
            "name": "shuimodanqing",
            "title": "%E6%B0%B4%E5%A2%A8%E4%B8%B9%E9%9D%92",
            "height": 20,
            "width": 80,
            "state": "main",
            "y": 459,
            "x": 1009,
            "type": "MSTextLayer"
        },
        {
            "style": {
                "color": "#ffffff",
                "font-size": "20px",
                "font-family": "SourceHanSansSC-Regular",
                "letter-spacing": "0",
                "text-align": "center"
            },
            "name": "diaokeshiguang",
            "title": "%E9%9B%95%E5%88%BB%E6%97%B6%E5%85%89",
            "height": 20,
            "width": 80,
            "state": "main",
            "y": 459,
            "x": 880,
            "type": "MSTextLayer"
        },
        {
            "style": {
                "color": "#ffffff",
                "font-size": "20px",
                "font-family": "SourceHanSansSC-Regular",
                "letter-spacing": "0",
                "text-align": "center"
            },
            "name": "mingeyouyang",
            "title": "%E6%B0%91%E6%AD%8C%E6%82%A0%E6%89%AC",
            "height": 20,
            "width": 80,
            "state": "main",
            "y": 459,
            "x": 751,
            "type": "MSTextLayer"
        },
        {
            "style": {
                "color": "#ffffff",
                "font-size": "20px",
                "font-family": "SourceHanSansSC-Regular",
                "letter-spacing": "0",
                "text-align": "center"
            },
            "name": "chuncuiyinyue",
            "title": "%E7%BA%AF%E7%B2%B9%E9%9F%B3%E4%B9%90",
            "height": 20,
            "width": 80,
            "state": "main",
            "y": 330,
            "x": 1009,
            "type": "MSTextLayer"
        },
        {
            "style": {
                "color": "#ffffff",
                "font-size": "20px",
                "font-family": "SourceHanSansSC-Regular",
                "letter-spacing": "0",
                "text-align": "center"
            },
            "name": "honggeliaoliang",
            "title": "%E7%BA%A2%E6%AD%8C%E5%98%B9%E4%BA%AE",
            "height": 20,
            "width": 80,
            "state": "main",
            "y": 330,
            "x": 880,
            "type": "MSTextLayer"
        },
        {
            "style": {
                "color": "#ffffff",
                "font-size": "20px",
                "font-family": "SourceHanSansSC-Regular",
                "letter-spacing": "0",
                "text-align": "center"
            },
            "name": "yiquchengming",
            "title": "%E4%B8%80%E6%9B%B2%E6%88%90%E5%90%8D",
            "height": 20,
            "width": 80,
            "state": "main",
            "y": 330,
            "x": 751,
            "type": "MSTextLayer"
        },
        {
            "style": {
                "color": "#ffffff",
                "font-size": "20px",
                "font-family": "SourceHanSansSC-Regular",
                "letter-spacing": "0",
                "text-align": "center"
            },
            "name": "shitingshengyan",
            "title": "%E8%A7%86%E5%90%AC%E7%9B%9B%E5%AE%B4",
            "height": 20,
            "width": 80,
            "state": "main",
            "y": 201,
            "x": 1009,
            "type": "MSTextLayer"
        },
        {
            "style": {
                "color": "#ffffff",
                "font-size": "20px",
                "font-family": "SourceHanSansSC-Regular",
                "letter-spacing": "0",
                "text-align": "center"
            },
            "name": "tianlaiheming",
            "title": "%E5%A4%A9%E7%B1%81%E5%92%8C%E9%B8%A3",
            "height": 20,
            "width": 80,
            "state": "main",
            "y": 201,
            "x": 880,
            "type": "MSTextLayer"
        },
        {
            "style": {
                "color": "#ffffff",
                "font-size": "20px",
                "font-family": "SourceHanSansSC-Regular",
                "letter-spacing": "0",
                "text-align": "center"
            },
            "name": "liyuanguocui",
            "title": "%E6%A2%A8%E5%9B%AD%E5%9B%BD%E7%B2%B9",
            "height": 20,
            "width": 80,
            "state": "main",
            "y": 201,
            "x": 751,
            "type": "MSTextLayer"
        },
        {
            "style": {
                "color": "#ffffff",
                "font-size": "20px",
                "font-family": "SourceHanSansSC-Regular",
                "letter-spacing": "0",
                "text-align": "center"
            },
            "name": "leikezhuanshu",
            "title": "%E9%9B%B7%E5%AE%A2%E4%B8%93%E5%B1%9E",
            "height": 20,
            "width": 80,
            "state": "main",
            "y": 459,
            "x": 189,
            "type": "MSTextLayer"
        },
        {
            "style": {
                "color": "#ffffff",
                "font-size": "20px",
                "font-family": "SourceHanSansSC-Regular",
                "letter-spacing": "0",
                "text-align": "center"
            },
            "name": "nangaoyin",
            "title": "%E7%94%B7%E9%AB%98%E9%9F%B3",
            "height": 20,
            "width": 60,
            "state": "main",
            "y": 459,
            "x": 71,
            "type": "MSTextLayer"
        },
        {
            "style": {
                "color": "#ffffff",
                "font-size": "20px",
                "font-family": "SourceHanSansSC-Regular",
                "letter-spacing": "0",
                "text-align": "center"
            },
            "name": "yinyi",
            "title": "%E9%9F%B3%E8%AF%91",
            "height": 20,
            "width": 40,
            "state": "main",
            "y": 330,
            "x": 209,
            "type": "MSTextLayer"
        },
        {
            "style": {
                "color": "#ffffff",
                "font-size": "20px",
                "font-family": "SourceHanSansSC-Regular",
                "letter-spacing": "0",
                "text-align": "center"
            },
            "name": "jinhai",
            "title": "%E5%8A%B2%E5%97%A8",
            "height": 20,
            "width": 40,
            "state": "main",
            "y": 330,
            "x": 81,
            "type": "MSTextLayer"
        }
    ]
}