{
  "artboards": [
    {
      "height": 720,
      "id": "8C079693-D62E-41FC-83F2-8FF31F829CDD",
      "layer": [
        {
          "height": 720,
          "id": "61AAE555-C88B-46FC-8595-C7E621F8A536",
          "name": "beijingtu",
          "sharedStyle": "",
          "sharedStyleType": "",
          "src": "61AAE555-C88B-46FC-8595-C7E621F8A536",
          "state": "background",
          "type": "MSBitmapLayer",
          "width": 1280,
          "x": 0,
          "y": 0,
          "zIndex": 0
        },
        {
          "height": 40,
          "id": "B7D18622-76EC-44A0-981D-1962C0369E30",
          "name": "yulezhongxin",
          "sharedStyle": "",
          "sharedStyleType": "",
          "src": "B7D18622-76EC-44A0-981D-1962C0369E30",
          "state": "selected",
          "type": "MSBitmapLayer",
          "width": 80,
          "x": 365,
          "y": 30,
          "zIndex": 1
        },
        {
          "height": 40,
          "id": "458241BC-4F65-4E22-ABB9-DD7B080F64C2",
          "name": "jiushui",
          "sharedStyle": "",
          "sharedStyleType": "",
          "src": "458241BC-4F65-4E22-ABB9-DD7B080F64C2",
          "state": "selected",
          "type": "MSBitmapLayer",
          "width": 80,
          "x": 445,
          "y": 30,
          "zIndex": 2
        },
        {
          "height": 40,
          "id": "CFEEFC38-CB34-4E9C-8E52-9A080DDAB066",
          "name": "diange",
          "sharedStyle": "",
          "sharedStyleType": "",
          "src": "CFEEFC38-CB34-4E9C-8E52-9A080DDAB066",
          "state": "selected",
          "type": "MSBitmapLayer",
          "width": 80,
          "x": 285,
          "y": 30,
          "zIndex": 3
        },
        {
          "height": 24,
          "html": "娱乐",
          "id": "6E66E7EF-FC94-4AE4-A5D7-D4BC9817D33B",
          "name": "yulezhongxin",
          "sharedStyle": "",
          "sharedStyleType": "",
          "src": "6E66E7EF-FC94-4AE4-A5D7-D4BC9817D33B",
          "state": "normal",
          "style": {
            "color": "#ffffff",
            "font-family": "SourceHanSansSC-Bold",
            "font-size": "24px",
            "letter-spacing": "0",
            "text-align": "left"
          },
          "type": "MSTextLayer",
          "width": 48,
          "x": 381,
          "y": 38,
          "zIndex": 4
        },
        {
          "height": 24,
          "html": "酒水",
          "id": "8FD0D785-EE55-41B4-8677-524AD88EA89B",
          "name": "jiushui",
          "sharedStyle": "",
          "sharedStyleType": "",
          "src": "8FD0D785-EE55-41B4-8677-524AD88EA89B",
          "state": "normal",
          "style": {
            "color": "#ffffff",
            "font-family": "SourceHanSansSC-Bold",
            "font-size": "24px",
            "letter-spacing": "0",
            "text-align": "left"
          },
          "type": "MSTextLayer",
          "width": 48,
          "x": 461,
          "y": 38,
          "zIndex": 5
        },
        {
          "height": 24,
          "html": "点歌",
          "id": "190C779E-B967-484E-9055-B5C4BF0FFB18",
          "name": "diange",
          "sharedStyle": "",
          "sharedStyleType": "",
          "src": "190C779E-B967-484E-9055-B5C4BF0FFB18",
          "state": "normal",
          "style": {
            "color": "#ffffff",
            "font-family": "SourceHanSansSC-Bold",
            "font-size": "24px",
            "letter-spacing": "0",
            "text-align": "left"
          },
          "type": "MSTextLayer",
          "width": 48,
          "x": 301,
          "y": 38,
          "zIndex": 6
        },
        {
          "height": 21,
          "id": "8F3F547D-28DE-498B-B68F-E58A9DAA625B",
          "name": "youxianchenggong",
          "sharedStyle": "",
          "sharedStyleType": "",
          "src": "8F3F547D-28DE-498B-B68F-E58A9DAA625B",
          "state": "normal",
          "type": "MSBitmapLayer",
          "width": 24,
          "x": 1049,
          "y": 39,
          "zIndex": 7
        },
        {
          "height": 22,
          "id": "6BBA9355-A23A-45F6-A3DE-62491AA9698C",
          "name": "youxianguzhang",
          "sharedStyle": "",
          "sharedStyleType": "",
          "src": "6BBA9355-A23A-45F6-A3DE-62491AA9698C",
          "state": "normal",
          "type": "MSBitmapLayer",
          "width": 25,
          "x": 1049,
          "y": 39,
          "zIndex": 8
        },
        {
          "height": 22,
          "id": "87641288-5949-4A96-AEC4-665ACDDEA4C4",
          "name": "youxianshibai",
          "sharedStyle": "",
          "sharedStyleType": "",
          "src": "87641288-5949-4A96-AEC4-665ACDDEA4C4",
          "state": "normal",
          "type": "MSBitmapLayer",
          "width": 25,
          "x": 1049,
          "y": 39,
          "zIndex": 9
        },
        {
          "height": 20,
          "id": "963AA16D-D9FD-4A00-BBFE-0A38FD6AF9BA",
          "name": "APchenggong",
          "sharedStyle": "",
          "sharedStyleType": "",
          "src": "963AA16D-D9FD-4A00-BBFE-0A38FD6AF9BA",
          "state": "normal",
          "type": "MSBitmapLayer",
          "width": 28,
          "x": 1047,
          "y": 39,
          "zIndex": 10
        },
        {
          "height": 21,
          "id": "05323104-2B42-4E7B-B398-4514460F0477",
          "name": "APguzhang",
          "sharedStyle": "",
          "sharedStyleType": "",
          "src": "05323104-2B42-4E7B-B398-4514460F0477",
          "state": "normal",
          "type": "MSBitmapLayer",
          "width": 31,
          "x": 1047,
          "y": 39,
          "zIndex": 11
        },
        {
          "height": 21,
          "id": "35235F26-544C-4F51-A852-4C38D70818B0",
          "name": "APshibai",
          "sharedStyle": "",
          "sharedStyleType": "",
          "src": "35235F26-544C-4F51-A852-4C38D70818B0",
          "state": "normal",
          "type": "MSBitmapLayer",
          "width": 31,
          "x": 1047,
          "y": 39,
          "zIndex": 12
        },
        {
          "height": 23,
          "id": "58ED841D-3723-45EF-959E-92D45CED0652",
          "name": "wifi0ge",
          "sharedStyle": "",
          "sharedStyleType": "",
          "src": "58ED841D-3723-45EF-959E-92D45CED0652",
          "state": "normal",
          "type": "MSBitmapLayer",
          "width": 28,
          "x": 1047,
          "y": 38,
          "zIndex": 13
        },
        {
          "height": 23,
          "id": "782FF239-EE7A-48BA-B45D-BE0E4CFD17FA",
          "name": "wifi1ge",
          "sharedStyle": "",
          "sharedStyleType": "",
          "src": "782FF239-EE7A-48BA-B45D-BE0E4CFD17FA",
          "state": "normal",
          "type": "MSBitmapLayer",
          "width": 28,
          "x": 1047,
          "y": 38,
          "zIndex": 14
        },
        {
          "height": 23,
          "id": "79BB1279-1D73-4BD1-AF28-62B23BA6159E",
          "name": "wifi3ge",
          "sharedStyle": "",
          "sharedStyleType": "",
          "src": "79BB1279-1D73-4BD1-AF28-62B23BA6159E",
          "state": "normal",
          "type": "MSBitmapLayer",
          "width": 28,
          "x": 1047,
          "y": 38,
          "zIndex": 15
        },
        {
          "height": 23,
          "id": "6EE795B3-AC15-4FD9-8F90-F3A4F2350BA8",
          "name": "wifi2ge",
          "sharedStyle": "",
          "sharedStyleType": "",
          "src": "6EE795B3-AC15-4FD9-8F90-F3A4F2350BA8",
          "state": "normal",
          "type": "MSBitmapLayer",
          "width": 28,
          "x": 1047,
          "y": 38,
          "zIndex": 16
        },
        {
          "height": 23,
          "id": "5673DA43-1D0A-4163-91CD-75CF16048029",
          "name": "wifiguzhang",
          "sharedStyle": "",
          "sharedStyleType": "",
          "src": "5673DA43-1D0A-4163-91CD-75CF16048029",
          "state": "normal",
          "type": "MSBitmapLayer",
          "width": 28,
          "x": 1047,
          "y": 38,
          "zIndex": 17
        },
        {
          "height": 23,
          "id": "433EEFBB-5E1E-4890-B0C8-43230EC44B89",
          "name": "wifimeixinhao",
          "sharedStyle": "",
          "sharedStyleType": "",
          "src": "433EEFBB-5E1E-4890-B0C8-43230EC44B89",
          "state": "normal",
          "type": "MSBitmapLayer",
          "width": 28,
          "x": 1047,
          "y": 38,
          "zIndex": 18
        },
        {
          "height": 23,
          "id": "FD93504B-612C-4184-9DBC-E2808B75580D",
          "name": "wifishibai",
          "sharedStyle": "",
          "sharedStyleType": "",
          "src": "FD93504B-612C-4184-9DBC-E2808B75580D",
          "state": "normal",
          "type": "MSBitmapLayer",
          "width": 28,
          "x": 1047,
          "y": 38,
          "zIndex": 19
        },
        {
          "height": 21,
          "id": "E8F32B89-FAB5-47D2-B8CE-5DDB4B290673",
          "name": "xiaoxi",
          "sharedStyle": "",
          "sharedStyleType": "",
          "src": "E8F32B89-FAB5-47D2-B8CE-5DDB4B290673",
          "state": "selected,normal",
          "type": "MSBitmapLayer",
          "width": 26,
          "x": 1104,
          "y": 39,
          "zIndex": 20
        },
        {
          "height": 26,
          "id": "1A57788F-9EFF-4239-B779-9DC1F5EDF372",
          "name": "guanji",
          "sharedStyle": "",
          "sharedStyleType": "",
          "src": "1A57788F-9EFF-4239-B779-9DC1F5EDF372",
          "state": "selected,normal",
          "type": "MSBitmapLayer",
          "width": 25,
          "x": 1215,
          "y": 38,
          "zIndex": 22
        },
        {
          "height": 25,
          "id": "DFC9720E-62AC-4EDA-9824-A7E96D49AE30",
          "name": "shezhi",
          "sharedStyle": "",
          "sharedStyleType": "",
          "src": "DFC9720E-62AC-4EDA-9824-A7E96D49AE30",
          "state": "selected,normal",
          "type": "MSBitmapLayer",
          "width": 25,
          "x": 1160,
          "y": 38,
          "zIndex": 24
        },
        {
          "height": 34,
          "id": "A3CFEE54-4909-4C58-AB63-AA0A1F79A190",
          "name": "sousuo",
          "sharedStyle": "",
          "sharedStyleType": "",
          "src": "A3CFEE54-4909-4C58-AB63-AA0A1F79A190",
          "state": "selected,normal",
          "type": "MSBitmapLayer",
          "width": 80,
          "x": 819,
          "y": 33,
          "zIndex": 26
        },
        {
          "height": 16,
          "html": "搜索",
          "id": "24D558FF-3B38-4EAC-98FA-37DAA35C879A",
          "name": "sousuo",
          "sharedStyle": "",
          "sharedStyleType": "",
          "src": "24D558FF-3B38-4EAC-98FA-37DAA35C879A",
          "state": "main",
          "style": {
            "color": "#ffffff",
            "font-family": "SourceHanSansSC-Regular",
            "font-size": "16px",
            "letter-spacing": "0",
            "text-align": "left"
          },
          "type": "MSTextLayer",
          "width": 32,
          "x": 856,
          "y": 42,
          "zIndex": 28
        },
        {
          "height": 24,
          "id": "A96B74BB-4807-4912-8940-10DFF0324270",
          "name": "shoujidiange",
          "sharedStyle": "",
          "sharedStyleType": "",
          "src": "A96B74BB-4807-4912-8940-10DFF0324270",
          "state": "selected,normal",
          "type": "MSBitmapLayer",
          "width": 24,
          "x": 923,
          "y": 37,
          "zIndex": 29
        },
        {
          "height": 16,
          "html": "手机点歌",
          "id": "25140B03-E528-416C-A6ED-1D9BE9837501",
          "name": "shoujidiange",
          "sharedStyle": "",
          "sharedStyleType": "",
          "src": "25140B03-E528-416C-A6ED-1D9BE9837501",
          "state": "main",
          "style": {
            "color": "#ffffff",
            "font-family": "SourceHanSansSC-Regular",
            "font-size": "16px",
            "letter-spacing": "0",
            "text-align": "left"
          },
          "type": "MSTextLayer",
          "width": 64,
          "x": 955,
          "y": 41,
          "zIndex": 31
        },
        {
          "height": 31,
          "id": "18F11F89-9E53-4A60-910B-76930B496EB8",
          "name": "yinliangjian",
          "sharedStyle": "",
          "sharedStyleType": "",
          "src": "18F11F89-9E53-4A60-910B-76930B496EB8",
          "state": "disabled,selected,normal",
          "type": "MSBitmapLayer",
          "width": 31,
          "x": 560,
          "y": 625,
          "zIndex": 32
        },
        {
          "height": 31,
          "id": "424C80C1-1928-4725-A9DB-DBD9623B0F77",
          "name": "yinliangjia",
          "sharedStyle": "",
          "sharedStyleType": "",
          "src": "424C80C1-1928-4725-A9DB-DBD9623B0F77",
          "state": "disabled,selected,normal",
          "type": "MSBitmapLayer",
          "width": 31,
          "x": 689,
          "y": 625,
          "zIndex": 35
        },
        {
          "height": 34,
          "html": "100",
          "id": "48BB35A5-5E89-40E8-80E5-A3FFE05BEC2E",
          "name": "yinliangzhi",
          "sharedStyle": "",
          "sharedStyleType": "",
          "src": "48BB35A5-5E89-40E8-80E5-A3FFE05BEC2E",
          "state": "main",
          "style": {
            "color": "#ffffff",
            "font-family": "SourceHanSansSC-Bold",
            "font-size": "34px",
            "letter-spacing": "0",
            "text-align": "left"
          },
          "type": "MSTextLayer",
          "width": 61,
          "x": 609,
          "y": 625,
          "zIndex": 38
        },
        {
          "height": 20,
          "html": "音量",
          "id": "BA7C67B6-68EE-449D-BC40-391635EDDE6E",
          "name": "yinliang",
          "sharedStyle": "",
          "sharedStyleType": "",
          "src": "BA7C67B6-68EE-449D-BC40-391635EDDE6E",
          "state": "main",
          "style": {
            "color": "#ffffff",
            "font-family": "SourceHanSansSC-Regular",
            "font-size": "20px",
            "letter-spacing": "0",
            "text-align": "center"
          },
          "type": "MSTextLayer",
          "width": 40,
          "x": 620,
          "y": 672,
          "zIndex": 39
        },
        {
          "height": 40,
          "id": "A879F780-4B8E-4939-A2F1-B9A93CD86BA9",
          "name": "yixuan",
          "sharedStyle": "",
          "sharedStyleType": "",
          "src": "A879F780-4B8E-4939-A2F1-B9A93CD86BA9",
          "state": "disabled,selected,normal",
          "type": "MSBitmapLayer",
          "width": 90,
          "x": 1133,
          "y": 635,
          "zIndex": 40
        },
        {
          "height": 24,
          "html": "已选",
          "id": "13BE704D-BB9E-440B-9ED3-C20D57C4D5A6",
          "name": "yixuan",
          "sharedStyle": "",
          "sharedStyleType": "",
          "src": "13BE704D-BB9E-440B-9ED3-C20D57C4D5A6",
          "state": "main",
          "style": {
            "color": "#ffffff",
            "font-family": "SourceHanSansSC-Regular",
            "font-size": "24px",
            "letter-spacing": "0",
            "text-align": "left"
          },
          "type": "MSTextLayer",
          "width": 48,
          "x": 1154,
          "y": 643,
          "zIndex": 43
        },
        {
          "height": 43,
          "id": "7A815558-24C6-4539-8A71-ACA5DD3C1376",
          "name": "luyinzhong",
          "sharedStyle": "",
          "sharedStyleType": "",
          "src": "7A815558-24C6-4539-8A71-ACA5DD3C1376",
          "state": "selected,disabled,normal",
          "type": "MSBitmapLayer",
          "width": 43,
          "x": 1030,
          "y": 619,
          "zIndex": 44
        },
        {
          "height": 43,
          "id": "1FD5119A-F154-4573-B0C5-0C37F488C03A",
          "name": "luyin",
          "sharedStyle": "",
          "sharedStyleType": "",
          "src": "1FD5119A-F154-4573-B0C5-0C37F488C03A",
          "state": "selected,disabled,normal",
          "type": "MSBitmapLayer",
          "width": 43,
          "x": 1030,
          "y": 619,
          "zIndex": 47
        },
        {
          "height": 20,
          "html": "录音",
          "id": "0D75F4C0-DC99-42D7-AE2B-B019A10575FD",
          "name": "luyin",
          "sharedStyle": "",
          "sharedStyleType": "",
          "src": "0D75F4C0-DC99-42D7-AE2B-B019A10575FD",
          "state": "main",
          "style": {
            "color": "#ffffff",
            "font-family": "SourceHanSansSC-Regular",
            "font-size": "20px",
            "letter-spacing": "0",
            "text-align": "center"
          },
          "type": "MSTextLayer",
          "width": 40,
          "x": 1032,
          "y": 672,
          "zIndex": 50
        },
        {
          "height": 20,
          "html": "录音中",
          "id": "53B69183-336D-4C36-85DE-AC8ECF97C52E",
          "name": "luyinzhong",
          "sharedStyle": "",
          "sharedStyleType": "",
          "src": "53B69183-336D-4C36-85DE-AC8ECF97C52E",
          "state": "main",
          "style": {
            "color": "#ffffff",
            "font-family": "SourceHanSansSC-Regular",
            "font-size": "20px",
            "letter-spacing": "0",
            "text-align": "center"
          },
          "type": "MSTextLayer",
          "width": 60,
          "x": 1022,
          "y": 672,
          "zIndex": 51
        },
        {
          "height": 43,
          "id": "D6470CE2-2AFD-41FB-AA14-DC585EC8CF25",
          "name": "qifen",
          "sharedStyle": "",
          "sharedStyleType": "",
          "src": "D6470CE2-2AFD-41FB-AA14-DC585EC8CF25",
          "state": "selected,disabled,normal",
          "type": "MSBitmapLayer",
          "width": 43,
          "x": 941,
          "y": 620,
          "zIndex": 52
        },
        {
          "height": 20,
          "html": "气氛",
          "id": "FE22C1F6-1942-4F86-8DF8-289F081010BA",
          "name": "qifen",
          "sharedStyle": "",
          "sharedStyleType": "",
          "src": "FE22C1F6-1942-4F86-8DF8-289F081010BA",
          "state": "main",
          "style": {
            "color": "#ffffff",
            "font-family": "SourceHanSansSC-Regular",
            "font-size": "20px",
            "letter-spacing": "0",
            "text-align": "center"
          },
          "type": "MSTextLayer",
          "width": 40,
          "x": 942,
          "y": 672,
          "zIndex": 55
        },
        {
          "height": 43,
          "id": "3189170F-3F80-4E7C-B9CF-17125FDD31DA",
          "name": "tiaoyin",
          "sharedStyle": "",
          "sharedStyleType": "",
          "src": "3189170F-3F80-4E7C-B9CF-17125FDD31DA",
          "state": "selected,disabled,normal",
          "type": "MSBitmapLayer",
          "width": 43,
          "x": 852,
          "y": 619,
          "zIndex": 56
        },
        {
          "height": 20,
          "html": "调音",
          "id": "A791B170-8F32-4930-A773-E122D9EA48A5",
          "name": "tiaoyin",
          "sharedStyle": "",
          "sharedStyleType": "",
          "src": "A791B170-8F32-4930-A773-E122D9EA48A5",
          "state": "main",
          "style": {
            "color": "#ffffff",
            "font-family": "SourceHanSansSC-Regular",
            "font-size": "20px",
            "letter-spacing": "0",
            "text-align": "center"
          },
          "type": "MSTextLayer",
          "width": 40,
          "x": 853,
          "y": 672,
          "zIndex": 59
        },
        {
          "height": 43,
          "id": "8E4A2AB8-7505-4FCA-A20F-E3193E24DF62",
          "name": "jingyin",
          "sharedStyle": "",
          "sharedStyleType": "",
          "src": "8E4A2AB8-7505-4FCA-A20F-E3193E24DF62",
          "state": "selected,disabled,normal",
          "type": "MSBitmapLayer",
          "width": 43,
          "x": 763,
          "y": 619,
          "zIndex": 60
        },
        {
          "height": 43,
          "id": "C988EC8E-5F7A-4D5D-8287-BBE6CA1B6661",
          "name": "fangyin",
          "sharedStyle": "",
          "sharedStyleType": "",
          "src": "C988EC8E-5F7A-4D5D-8287-BBE6CA1B6661",
          "state": "selected,disabled,normal",
          "type": "MSBitmapLayer",
          "width": 43,
          "x": 763,
          "y": 619,
          "zIndex": 63
        },
        {
          "height": 20,
          "html": "放音",
          "id": "0732B0E8-51C2-4FE7-9BF3-F6B0315485C0",
          "name": "fangyin",
          "sharedStyle": "",
          "sharedStyleType": "",
          "src": "0732B0E8-51C2-4FE7-9BF3-F6B0315485C0",
          "state": "main",
          "style": {
            "color": "#ffffff",
            "font-family": "SourceHanSansSC-Regular",
            "font-size": "20px",
            "letter-spacing": "0",
            "text-align": "center"
          },
          "type": "MSTextLayer",
          "width": 40,
          "x": 765,
          "y": 672,
          "zIndex": 66
        },
        {
          "height": 20,
          "html": "静音",
          "id": "61E375DB-887B-444D-AA36-CBBB78A9D66B",
          "name": "jingyin",
          "sharedStyle": "",
          "sharedStyleType": "",
          "src": "61E375DB-887B-444D-AA36-CBBB78A9D66B",
          "state": "main",
          "style": {
            "color": "#ffffff",
            "font-family": "SourceHanSansSC-Regular",
            "font-size": "20px",
            "letter-spacing": "0",
            "text-align": "center"
          },
          "type": "MSTextLayer",
          "width": 40,
          "x": 765,
          "y": 672,
          "zIndex": 67
        },
        {
          "height": 43,
          "id": "7106CDDA-C2D7-4DE0-92F8-54571382F924",
          "name": "chongchang",
          "sharedStyle": "",
          "sharedStyleType": "",
          "src": "7106CDDA-C2D7-4DE0-92F8-54571382F924",
          "state": "selected,disabled,normal",
          "type": "MSBitmapLayer",
          "width": 43,
          "x": 474,
          "y": 619,
          "zIndex": 68
        },
        {
          "height": 20,
          "html": "重唱",
          "id": "77C136AD-B0DC-4018-B9A0-62A933407AA4",
          "name": "chongchang",
          "sharedStyle": "",
          "sharedStyleType": "",
          "src": "77C136AD-B0DC-4018-B9A0-62A933407AA4",
          "state": "main",
          "style": {
            "color": "#ffffff",
            "font-family": "SourceHanSansSC-Regular",
            "font-size": "20px",
            "letter-spacing": "0",
            "text-align": "center"
          },
          "type": "MSTextLayer",
          "width": 40,
          "x": 476,
          "y": 672,
          "zIndex": 71
        },
        {
          "height": 43,
          "id": "1F34A0BF-EDF5-4D72-9245-561547C15057",
          "name": "zanting",
          "sharedStyle": "",
          "sharedStyleType": "",
          "src": "1F34A0BF-EDF5-4D72-9245-561547C15057",
          "state": "selected,disabled,normal",
          "type": "MSBitmapLayer",
          "width": 43,
          "x": 385,
          "y": 619,
          "zIndex": 72
        },
        {
          "height": 43,
          "id": "387290EF-6ECC-4807-A19E-38FA1AD63D34",
          "name": "bofang",
          "sharedStyle": "",
          "sharedStyleType": "",
          "src": "387290EF-6ECC-4807-A19E-38FA1AD63D34",
          "state": "selected,disabled,normal",
          "type": "MSBitmapLayer",
          "width": 43,
          "x": 385,
          "y": 619,
          "zIndex": 75
        },
        {
          "height": 20,
          "html": "播放",
          "id": "841CFE73-C8EC-420D-909E-88742872F028",
          "name": "bofang",
          "sharedStyle": "",
          "sharedStyleType": "",
          "src": "841CFE73-C8EC-420D-909E-88742872F028",
          "state": "main",
          "style": {
            "color": "#ffffff",
            "font-family": "SourceHanSansSC-Regular",
            "font-size": "20px",
            "letter-spacing": "0",
            "text-align": "center"
          },
          "type": "MSTextLayer",
          "width": 40,
          "x": 387,
          "y": 672,
          "zIndex": 78
        },
        {
          "height": 20,
          "html": "暂停",
          "id": "97613850-0415-4916-AAB9-B9A71B47DDDA",
          "name": "zanting",
          "sharedStyle": "",
          "sharedStyleType": "",
          "src": "97613850-0415-4916-AAB9-B9A71B47DDDA",
          "state": "main",
          "style": {
            "color": "#ffffff",
            "font-family": "SourceHanSansSC-Regular",
            "font-size": "20px",
            "letter-spacing": "0",
            "text-align": "center"
          },
          "type": "MSTextLayer",
          "width": 40,
          "x": 387,
          "y": 672,
          "zIndex": 79
        },
        {
          "height": 43,
          "id": "060AC913-FCB9-4586-9DB9-29A75B303135",
          "name": "yuanchang",
          "sharedStyle": "",
          "sharedStyleType": "",
          "src": "060AC913-FCB9-4586-9DB9-29A75B303135",
          "state": "selected,disabled,normal",
          "type": "MSBitmapLayer",
          "width": 43,
          "x": 296,
          "y": 619,
          "zIndex": 80
        },
        {
          "height": 43,
          "id": "13CCEF2D-241B-4362-AD1D-7209098B1158",
          "name": "banzou",
          "sharedStyle": "",
          "sharedStyleType": "",
          "src": "13CCEF2D-241B-4362-AD1D-7209098B1158",
          "state": "selected,disabled,normal",
          "type": "MSBitmapLayer",
          "width": 43,
          "x": 296,
          "y": 619,
          "zIndex": 83
        },
        {
          "height": 20,
          "html": "伴奏",
          "id": "96CA9812-9B7B-44DE-A884-F5CDF1715DDA",
          "name": "banzou",
          "sharedStyle": "",
          "sharedStyleType": "",
          "src": "96CA9812-9B7B-44DE-A884-F5CDF1715DDA",
          "state": "main",
          "style": {
            "color": "#ffffff",
            "font-family": "SourceHanSansSC-Regular",
            "font-size": "20px",
            "letter-spacing": "0",
            "text-align": "center"
          },
          "type": "MSTextLayer",
          "width": 40,
          "x": 298,
          "y": 672,
          "zIndex": 86
        },
        {
          "height": 20,
          "html": "原唱",
          "id": "6AED486F-397F-4E4E-B5B7-92968A60578A",
          "name": "yuanchang",
          "sharedStyle": "",
          "sharedStyleType": "",
          "src": "6AED486F-397F-4E4E-B5B7-92968A60578A",
          "state": "main",
          "style": {
            "color": "#ffffff",
            "font-family": "SourceHanSansSC-Regular",
            "font-size": "20px",
            "letter-spacing": "0",
            "text-align": "center"
          },
          "type": "MSTextLayer",
          "width": 40,
          "x": 298,
          "y": 672,
          "zIndex": 87
        },
        {
          "height": 43,
          "id": "5843CF94-854B-4C9E-BDC3-FD625B1FBE19",
          "name": "qiege",
          "sharedStyle": "",
          "sharedStyleType": "",
          "src": "5843CF94-854B-4C9E-BDC3-FD625B1FBE19",
          "state": "disabled,selected,normal",
          "type": "MSBitmapLayer",
          "width": 43,
          "x": 207,
          "y": 619,
          "zIndex": 88
        },
        {
          "height": 20,
          "html": "切歌",
          "id": "68D823BC-E7D1-4A4E-A2ED-607609FD0AD2",
          "name": "qiege",
          "sharedStyle": "",
          "sharedStyleType": "",
          "src": "68D823BC-E7D1-4A4E-A2ED-607609FD0AD2",
          "state": "main",
          "style": {
            "color": "#ffffff",
            "font-family": "SourceHanSansSC-Regular",
            "font-size": "20px",
            "letter-spacing": "0",
            "text-align": "center"
          },
          "type": "MSTextLayer",
          "width": 40,
          "x": 209,
          "y": 672,
          "zIndex": 91
        },
        {
          "height": 70,
          "id": "F736F92B-0DF2-4AEC-8B58-33546540BF6F",
          "name": "MV",
          "sharedStyle": "",
          "sharedStyleType": "",
          "src": "F736F92B-0DF2-4AEC-8B58-33546540BF6F",
          "state": "disabled,selected,normal",
          "type": "MSBitmapLayer",
          "width": 99,
          "x": 48,
          "y": 621,
          "zIndex": 92
        },
        {
          "height": 20,
          "html": "MV",
          "id": "EC3FAA8F-6BB3-4149-AF86-2AEB21DB489B",
          "name": "MV",
          "sharedStyle": "",
          "sharedStyleType": "",
          "src": "EC3FAA8F-6BB3-4149-AF86-2AEB21DB489B",
          "state": "main",
          "style": {
            "color": "#ffffff",
            "font-family": "SourceHanSansSC-Regular",
            "font-size": "20px",
            "letter-spacing": "0",
            "text-align": "center"
          },
          "type": "MSTextLayer",
          "width": 28,
          "x": 88,
          "y": 645,
          "zIndex": 95
        },
        {
          "height": 40,
          "id": "327375BD-DF6F-4AD1-B2E3-C04D080B2725",
          "name": "logo",
          "sharedStyle": "",
          "sharedStyleType": "",
          "src": "327375BD-DF6F-4AD1-B2E3-C04D080B2725",
          "state": "normal",
          "type": "MSBitmapLayer",
          "width": 197,
          "x": 40,
          "y": 30,
          "zIndex": 96
        },
        {
          "height": 23,
          "id": "4BB5318F-E6EA-42DA-8205-848CCC7239AD",
          "name": "logofenkexian",
          "sharedStyle": "",
          "sharedStyleType": "",
          "src": "4BB5318F-E6EA-42DA-8205-848CCC7239AD",
          "state": "normal",
          "type": "MSBitmapLayer",
          "width": 2,
          "x": 267,
          "y": 39,
          "zIndex": 97
        },
        {
          "height": 20,
          "id": "E8419C68-BC6E-4BD7-AB96-F042F655196A",
          "name": "yixuangeshu",
          "sharedStyle": "",
          "sharedStyleType": "",
          "src": "E8419C68-BC6E-4BD7-AB96-F042F655196A",
          "state": "normal",
          "type": "MSBitmapLayer",
          "width": 60,
          "x": 1106,
          "y": 622,
          "zIndex": 98
        },
        {
          "height": 16,
          "html": "16",
          "id": "9AF30227-C45C-4E9B-8192-BC50D1BAAB86",
          "name": "yixuangeshu",
          "sharedStyle": "",
          "sharedStyleType": "",
          "src": "9AF30227-C45C-4E9B-8192-BC50D1BAAB86",
          "state": "main",
          "style": {
            "color": "#ffffff",
            "font-family": "SourceHanSansSC-Regular",
            "font-size": "16px",
            "letter-spacing": "0",
            "text-align": "center"
          },
          "type": "MSTextLayer",
          "width": 18,
          "x": 1139,
          "y": 623,
          "zIndex": 99
        },
        {
          "height": 30,
          "id": "F4BB7AD7-889E-4621-BE7B-CE1089CDB315",
          "name": "fanhui",
          "sharedStyle": "",
          "sharedStyleType": "",
          "src": "F4BB7AD7-889E-4621-BE7B-CE1089CDB315",
          "state": "selected,normal",
          "type": "MSBitmapLayer",
          "width": 230,
          "x": 40,
          "y": 100,
          "zIndex": 100
        },
        {
          "height": 16,
          "html": "本页标题（返回上一级）",
          "id": "50659250-F862-4AF1-BE30-69408A542BD0",
          "name": "fanhui",
          "sharedStyle": "",
          "sharedStyleType": "",
          "src": "50659250-F862-4AF1-BE30-69408A542BD0",
          "state": "main",
          "style": {
            "color": "#ffffff",
            "font-family": "SourceHanSansSC-Regular",
            "font-size": "16px",
            "letter-spacing": "0",
            "text-align": "left"
          },
          "type": "MSTextLayer",
          "width": 176,
          "x": 87,
          "y": 106,
          "zIndex": 102
        }
      ],
      "mask": {},
      "name": "bokong",
      "sharedStyle": "",
      "sharedStyleType": "",
      "slice": [],
      "src": "8C079693-D62E-41FC-83F2-8FF31F829CDD",
      "type": "MSArtboardGroup",
      "width": 1280,
      "x": 0,
      "y": 0,
      "zIndex": 0
    },
    {
      "height": 720,
      "id": "B9AC9845-3202-46FD-B798-C94F13653544",
      "layer": [
        {
          "height": 720,
          "id": "CEAA30F9-AC44-454A-A4DB-56BA9A32B3F2",
          "name": "beijingtu",
          "sharedStyle": "",
          "sharedStyleType": "",
          "src": "CEAA30F9-AC44-454A-A4DB-56BA9A32B3F2",
          "state": "background",
          "type": "MSBitmapLayer",
          "width": 1280,
          "x": 0,
          "y": 0,
          "zIndex": 0
        },
        {
          "height": 340,
          "id": "71A63525-7244-40A1-8810-8BAB94083614",
          "name": "tuijian",
          "sharedStyle": "",
          "sharedStyleType": "",
          "src": "71A63525-7244-40A1-8810-8BAB94083614",
          "state": "normal",
          "type": "MSBitmapLayer",
          "width": 474,
          "x": 40,
          "y": 150,
          "zIndex": 1
        },
        {
          "height": 72,
          "id": "A0223CA0-E5AB-420C-BC93-8085C447DED1",
          "name": "xiangzuo",
          "sharedStyle": "",
          "sharedStyleType": "",
          "src": "A0223CA0-E5AB-420C-BC93-8085C447DED1",
          "state": "selected,normal",
          "type": "MSBitmapLayer",
          "width": 72,
          "x": 40,
          "y": 284,
          "zIndex": 2
        },
        {
          "height": 72,
          "id": "58F84A49-00E3-4C61-89C9-22AC7FE0379E",
          "name": "xiangyou",
          "sharedStyle": "",
          "sharedStyleType": "",
          "src": "58F84A49-00E3-4C61-89C9-22AC7FE0379E",
          "state": "selected,normal",
          "type": "MSBitmapLayer",
          "width": 72,
          "x": 442,
          "y": 284,
          "zIndex": 4
        },
        {
          "height": 160,
          "id": "D4652241-424A-49D3-901F-63D44A8C38F3",
          "name": "gemingdiange",
          "sharedStyle": "",
          "sharedStyleType": "",
          "src": "D4652241-424A-49D3-901F-63D44A8C38F3",
          "state": "normal",
          "type": "MSBitmapLayer",
          "width": 373,
          "x": 534,
          "y": 150,
          "zIndex": 6
        },
        {
          "height": 160,
          "id": "04F1CF47-CB00-4C7F-AB31-022DC55FF2C6",
          "name": "gexingdiange",
          "sharedStyle": "",
          "sharedStyleType": "",
          "src": "04F1CF47-CB00-4C7F-AB31-022DC55FF2C6",
          "state": "normal",
          "type": "MSBitmapLayer",
          "width": 373,
          "x": 534,
          "y": 330,
          "zIndex": 7
        },
        {
          "height": 160,
          "id": "5F1FC145-4948-4526-9F6A-0B4AB6BC6909",
          "name": "paihangbang",
          "sharedStyle": "",
          "sharedStyleType": "",
          "src": "5F1FC145-4948-4526-9F6A-0B4AB6BC6909",
          "state": "normal",
          "type": "MSBitmapLayer",
          "width": 313,
          "x": 927,
          "y": 330,
          "zIndex": 8
        },
        {
          "height": 160,
          "id": "3498C5D1-5817-4814-A543-755E3ED3F0FC",
          "name": "fenlei",
          "sharedStyle": "",
          "sharedStyleType": "",
          "src": "3498C5D1-5817-4814-A543-755E3ED3F0FC",
          "state": "normal",
          "type": "MSBitmapLayer",
          "width": 313,
          "x": 927,
          "y": 150,
          "zIndex": 9
        },
        {
          "height": 3,
          "id": "4970647D-10A1-45D2-85BF-20A52201A8C2",
          "name": "tuijianyema",
          "sharedStyle": "",
          "sharedStyleType": "",
          "src": "4970647D-10A1-45D2-85BF-20A52201A8C2",
          "state": "normal",
          "type": "MSBitmapLayer",
          "width": 184,
          "x": 185,
          "y": 471,
          "zIndex": 10
        },
        {
          "height": 24,
          "html": "歌名点歌",
          "id": "77F7C709-C173-440F-B724-C0E21A9FC989",
          "name": "geminggdiange",
          "sharedStyle": "",
          "sharedStyleType": "",
          "src": "77F7C709-C173-440F-B724-C0E21A9FC989",
          "state": "main",
          "style": {
            "color": "#ffffff",
            "font-family": "SourceHanSansSC-Regular",
            "font-size": "24px",
            "letter-spacing": "0",
            "text-align": "center"
          },
          "type": "MSTextLayer",
          "width": 96,
          "x": 673,
          "y": 218,
          "zIndex": 11
        },
        {
          "height": 24,
          "html": "分类",
          "id": "A1A0B1D0-0CD5-403F-9D6E-39D533858038",
          "name": "fenlei",
          "sharedStyle": "",
          "sharedStyleType": "",
          "src": "A1A0B1D0-0CD5-403F-9D6E-39D533858038",
          "state": "main",
          "style": {
            "color": "#ffffff",
            "font-family": "SourceHanSansSC-Regular",
            "font-size": "24px",
            "letter-spacing": "0",
            "text-align": "center"
          },
          "type": "MSTextLayer",
          "width": 48,
          "x": 1060,
          "y": 218,
          "zIndex": 12
        },
        {
          "height": 24,
          "html": "排行榜",
          "id": "25C6B5E9-2B97-4DD3-85AF-D7E08AC0FF1F",
          "name": "paihangbang",
          "sharedStyle": "",
          "sharedStyleType": "",
          "src": "25C6B5E9-2B97-4DD3-85AF-D7E08AC0FF1F",
          "state": "main",
          "style": {
            "color": "#ffffff",
            "font-family": "SourceHanSansSC-Regular",
            "font-size": "24px",
            "letter-spacing": "0",
            "text-align": "center"
          },
          "type": "MSTextLayer",
          "width": 72,
          "x": 1048,
          "y": 398,
          "zIndex": 13
        },
        {
          "height": 24,
          "html": "歌星点歌",
          "id": "986133A1-3F09-4EB6-AA64-50FC1E370EC7",
          "name": "gexingdiange",
          "sharedStyle": "",
          "sharedStyleType": "",
          "src": "986133A1-3F09-4EB6-AA64-50FC1E370EC7",
          "state": "main",
          "style": {
            "color": "#ffffff",
            "font-family": "SourceHanSansSC-Regular",
            "font-size": "24px",
            "letter-spacing": "0",
            "text-align": "center"
          },
          "type": "MSTextLayer",
          "width": 96,
          "x": 673,
          "y": 398,
          "zIndex": 14
        }
      ],
      "mask": {},
      "name": "diange",
      "sharedStyle": "",
      "sharedStyleType": "",
      "slice": [],
      "src": "B9AC9845-3202-46FD-B798-C94F13653544",
      "type": "MSArtboardGroup",
      "width": 1280,
      "x": 0,
      "y": 0,
      "zIndex": 0
    },
    {
      "height": 720,
      "id": "1731F1C4-C944-4727-A9DE-CAE7ECDA0E40",
      "layer": [
        {
          "height": 720,
          "id": "D865DF90-B939-4274-901E-8CEA0AC85450",
          "name": "beijingtu",
          "sharedStyle": "",
          "sharedStyleType": "",
          "src": "D865DF90-B939-4274-901E-8CEA0AC85450",
          "state": "background",
          "type": "MSBitmapLayer",
          "width": 1280,
          "x": 0,
          "y": 0,
          "zIndex": 0
        },
        {
          "height": 3,
          "id": "77B2A164-9837-4B1E-85F5-A7C51C31D423",
          "name": "yema",
          "sharedStyle": "",
          "sharedStyleType": "",
          "src": "77B2A164-9837-4B1E-85F5-A7C51C31D423",
          "state": "normal",
          "type": "MSBitmapLayer",
          "width": 184,
          "x": 548,
          "y": 520,
          "zIndex": 1
        },
        {
          "height": 340,
          "id": "56F45842-7004-4AAE-93DE-6F50435B1C28",
          "name": "chuanshaogequ",
          "sharedStyle": "",
          "sharedStyleType": "",
          "src": "56F45842-7004-4AAE-93DE-6F50435B1C28",
          "state": "normal",
          "type": "MSBitmapLayer",
          "width": 180,
          "x": 307,
          "y": 150,
          "zIndex": 2
        },
        {
          "height": 160,
          "id": "2BB26F54-2EB4-4A66-8C64-8737C1BD699B",
          "name": "jiaoyu",
          "sharedStyle": "",
          "sharedStyleType": "",
          "src": "2BB26F54-2EB4-4A66-8C64-8737C1BD699B",
          "state": "normal",
          "type": "MSBitmapLayer",
          "width": 160,
          "x": 1080,
          "y": 330,
          "zIndex": 3
        },
        {
          "height": 160,
          "id": "B5EBB456-BA9F-4752-B94C-13A0DB6E5B67",
          "name": "zhaopianMV",
          "sharedStyle": "",
          "sharedStyleType": "",
          "src": "B5EBB456-BA9F-4752-B94C-13A0DB6E5B67",
          "state": "normal",
          "type": "MSBitmapLayer",
          "width": 373,
          "x": 687,
          "y": 330,
          "zIndex": 4
        },
        {
          "height": 160,
          "id": "DBBB4329-9AF3-472F-89BC-CFA70F0B6BD0",
          "name": "touping",
          "sharedStyle": "",
          "sharedStyleType": "",
          "src": "DBBB4329-9AF3-472F-89BC-CFA70F0B6BD0",
          "state": "normal",
          "type": "MSBitmapLayer",
          "width": 160,
          "x": 507,
          "y": 330,
          "zIndex": 5
        },
        {
          "height": 160,
          "id": "FEDDB483-5FB7-4815-89A1-020994BED638",
          "name": "luyin",
          "sharedStyle": "",
          "sharedStyleType": "",
          "src": "FEDDB483-5FB7-4815-89A1-020994BED638",
          "state": "normal",
          "type": "MSBitmapLayer",
          "width": 357,
          "x": 883,
          "y": 150,
          "zIndex": 6
        },
        {
          "height": 334,
          "id": "29D768A1-5E8F-4EC7-957A-8E1AF1D55CBA",
          "name": "yule",
          "sharedStyle": "",
          "sharedStyleType": "",
          "src": "29D768A1-5E8F-4EC7-957A-8E1AF1D55CBA",
          "state": "normal",
          "type": "MSBitmapLayer",
          "width": 284,
          "x": 16,
          "y": 162,
          "zIndex": 7
        },
        {
          "height": 160,
          "id": "ABE1C718-FD17-4551-B566-694CBCDB4EC6",
          "name": "changshoujidege",
          "sharedStyle": "",
          "sharedStyleType": "",
          "src": "ABE1C718-FD17-4551-B566-694CBCDB4EC6",
          "state": "normal",
          "type": "MSBitmapLayer",
          "width": 357,
          "x": 507,
          "y": 150,
          "zIndex": 8
        },
        {
          "height": 20,
          "html": "教育",
          "id": "6EE452A8-93FC-4B0F-87C1-0722A8444950",
          "name": "jiaoyu",
          "sharedStyle": "",
          "sharedStyleType": "",
          "src": "6EE452A8-93FC-4B0F-87C1-0722A8444950",
          "state": "main",
          "style": {
            "color": "#ffffff",
            "font-family": "SourceHanSansSC-Regular",
            "font-size": "20px",
            "letter-spacing": "0",
            "text-align": "center"
          },
          "type": "MSTextLayer",
          "width": 40,
          "x": 1140,
          "y": 458,
          "zIndex": 9
        },
        {
          "height": 20,
          "html": "串烧歌曲",
          "id": "A21E64A7-4257-4A22-BC3A-70BD820193E7",
          "name": "chuanshaogequ",
          "sharedStyle": "",
          "sharedStyleType": "",
          "src": "A21E64A7-4257-4A22-BC3A-70BD820193E7",
          "state": "main",
          "style": {
            "color": "#ffffff",
            "font-family": "SourceHanSansSC-Regular",
            "font-size": "20px",
            "letter-spacing": "0",
            "text-align": "center"
          },
          "type": "MSTextLayer",
          "width": 80,
          "x": 357,
          "y": 458,
          "zIndex": 10
        },
        {
          "height": 20,
          "html": "录音",
          "id": "FE6C66D0-C1D0-4884-8A02-0BB3FD6A1B92",
          "name": "luyin",
          "sharedStyle": "",
          "sharedStyleType": "",
          "src": "FE6C66D0-C1D0-4884-8A02-0BB3FD6A1B92",
          "state": "main",
          "style": {
            "color": "#ffffff",
            "font-family": "SourceHanSansSC-Regular",
            "font-size": "20px",
            "letter-spacing": "0",
            "text-align": "center"
          },
          "type": "MSTextLayer",
          "width": 40,
          "x": 1042,
          "y": 278,
          "zIndex": 11
        },
        {
          "height": 20,
          "html": "唱手机的歌",
          "id": "3ABA4E1D-AFE5-4C43-B2A5-377E67DF3234",
          "name": "changshoujidege",
          "sharedStyle": "",
          "sharedStyleType": "",
          "src": "3ABA4E1D-AFE5-4C43-B2A5-377E67DF3234",
          "state": "main",
          "style": {
            "color": "#ffffff",
            "font-family": "SourceHanSansSC-Regular",
            "font-size": "20px",
            "letter-spacing": "0",
            "text-align": "center"
          },
          "type": "MSTextLayer",
          "width": 100,
          "x": 636,
          "y": 278,
          "zIndex": 12
        },
        {
          "height": 20,
          "html": "照片MV",
          "id": "532B6692-5C8C-40F2-A278-8A02E244915F",
          "name": "zhaopianMV",
          "sharedStyle": "",
          "sharedStyleType": "",
          "src": "532B6692-5C8C-40F2-A278-8A02E244915F",
          "state": "main",
          "style": {
            "color": "#ffffff",
            "font-family": "SourceHanSansSC-Regular",
            "font-size": "20px",
            "letter-spacing": "0",
            "text-align": "center"
          },
          "type": "MSTextLayer",
          "width": 68,
          "x": 840,
          "y": 458,
          "zIndex": 13
        },
        {
          "height": 20,
          "html": "投屏",
          "id": "39FB8705-5505-4E52-879A-E8245CD0674F",
          "name": "touping",
          "sharedStyle": "",
          "sharedStyleType": "",
          "src": "39FB8705-5505-4E52-879A-E8245CD0674F",
          "state": "main",
          "style": {
            "color": "#ffffff",
            "font-family": "SourceHanSansSC-Regular",
            "font-size": "20px",
            "letter-spacing": "0",
            "text-align": "center"
          },
          "type": "MSTextLayer",
          "width": 40,
          "x": 567,
          "y": 458,
          "zIndex": 14
        }
      ],
      "mask": {},
      "name": "yulezhongxin",
      "sharedStyle": "",
      "sharedStyleType": "",
      "slice": [],
      "src": "1731F1C4-C944-4727-A9DE-CAE7ECDA0E40",
      "type": "MSArtboardGroup",
      "width": 1280,
      "x": 0,
      "y": 0,
      "zIndex": 0
    }
  ],
  "pageName": "首页"
}